-- phpMyAdmin SQL Dump
-- version 5.2.1
-- https://www.phpmyadmin.net/
--
-- Host: 127.0.0.1
-- Generation Time: May 08, 2024 at 09:38 AM
-- Server version: 10.4.32-MariaDB
-- PHP Version: 8.0.30


CREATE TABLE USERS (
    UserID INT PRIMARY KEY,
    LName VARCHAR(255) NOT NULL,
    FName VARCHAR(255) NOT NULL,
    Email VARCHAR(255) UNIQUE NOT NULL CHECK (Email LIKE '%@gmail.com'),
    PasswordUser VARCHAR(255) NOT NULL,
    DateOfBirth DATE NOT NULL,
    CreatedTime DATE,
    UpdatedTime DATE,
	UserType INT,
	isActive BIT
);

CREATE TABLE PHONE (
    UserID INT,
    UserPhone VARCHAR(15) PRIMARY KEY , 
    FOREIGN KEY (UserID) REFERENCES USERS(UserID)
);

CREATE TABLE ADDRESS (
	UserID INT,
	UserAddress VARCHAR(255) NOT NULL,
	FOREIGN KEY (UserID) REFERENCES USERS(UserID)
);

CREATE TABLE VENDER (
	UserID INT UNIQUE,
	Income DECIMAL(15,2),
	FOREIGN KEY (UserID) REFERENCES USERS(UserID)
);


CREATE TABLE VENDEE (
    UserID INT UNIQUE,
    Level INT,
    Spending DECIMAL(15, 2), 
    ReferID INT,
    FOREIGN KEY (UserID) REFERENCES Users(UserID),
	FOREIGN KEY (ReferID) REFERENCES VENDEE(UserID)
);

CREATE TABLE PROMOTION_OF_VENDEE (
	UserID INT,
	PromotionID INT,
	PRIMARY KEY (UserID, PromotionID)
);

CREATE TABLE ADMINISTRATOR (
	UserID INT UNIQUE,
	TimeStart DATE,
	FOREIGN KEY (UserID) REFERENCES Users(UserID) 
);

CREATE TABLE PROMOTION (
    PromotionID INT PRIMARY KEY,
    Name VARCHAR(255) NOT NULL,
    StartDate DATE NOT NULL,
    EndDate DATE NOT NULL,
    Quantity INT NOT NULL,
    Type VARCHAR(50),
    ProType VARCHAR(50)
);

CREATE TABLE CART (
	VendeeID INT UNIQUE,
	FOREIGN KEY (VendeeID) REFERENCES Vendee(UserID) 
);

CREATE TABLE FREESHIP (
	PromotionID INT PRIMARY KEY,
	FOREIGN KEY (PromotionID) REFERENCES Promotion(PromotionID)
);

CREATE TABLE ORDERS (
	OrderID INT PRIMARY KEY,
	Status VARCHAR(10) NOT NULL,
	PaymentMethod VARCHAR(255) NOT NULL,
	ShippingAddress VARCHAR(255) NOT NULL,
	OrderDate DATE NOT NULL,
	Contact VARCHAR(50) NOT NULL,
	CartID INT,
	FreeshipID INT,
	FOREIGN KEY (CartID) REFERENCES CART(VendeeID),
	FOREIGN KEY (FreeshipID) REFERENCES FREESHIP(PromotionID)
);

CREATE TABLE PROVIDER (
	ProviderID INT PRIMARY KEY,
	NameProvider VARCHAR(50),
	Country VARCHAR(20)
);

CREATE TABLE PRODUCT (
	ProductID INT PRIMARY KEY,
	NameProduct VARCHAR(255) NOT NULL,
	DescriptionProduct VARCHAR(255),
	ProviderID INT NOT NULL,
	FOREIGN KEY (ProviderID) REFERENCES PROVIDER(ProviderID)
);

CREATE TABLE ORDER_CONTAIN_PRODUCT (
	OrderID INT,
	ProductID INT,
	Quantity INT NOT NULL CHECK(Quantity >= 0),
	Price DECIMAL(15,2) NOT NULL,
	PRIMARY KEY (OrderID, ProductID),
	FOREIGN KEY (OrderID) REFERENCES ORDERS(OrderID),
	FOREIGN KEY (ProductID) REFERENCES PRODUCT(ProductID)
);



CREATE TABLE DISCOUNT (
	PromotionID INT,
	PercentDiscount INT NOT NULL,
	FOREIGN KEY (PromotionID) REFERENCES Promotion(PromotionID)
);

CREATE TABLE SHIPPING (
	ShippingID INT PRIMARY KEY,
	NameShip VARCHAR(20) NOT NULL,
	TypeShip VARCHAR(10) NOT NULL,
	Fee DECIMAL(20,2) NOT NULL,
	TrackingNumber VARCHAR(12) NOT NULL
);

CREATE TABLE SHIPORDER (
	OrderID INT NOT NULL,
	ShippingID INT NOT NULL,
	FOREIGN KEY (OrderID) REFERENCES Orders(OrderID),
	FOREIGN KEY (ShippingID) REFERENCES Shipping(ShippingID)
);

CREATE TABLE BILL (
	BillID INT PRIMARY KEY,
	InvoiceDate DATE NOT NULL
);

CREATE TABLE STORE (
	VenderID INT,
	StoreID INT,
	StoreName VARCHAR(20),
	StoreAddress VARCHAR(50),
	StoreRevenue DECIMAL(15,2),
	PRIMARY KEY (VenderID, StoreID),
	FOREIGN KEY (VenderID) REFERENCES Vender(UserID) 
);


CREATE TABLE REVIEW (
	VendeeID INT,
	ReviewID INT PRIMARY KEY,
	Rating INT NOT NULL CHECK(Rating <= 5 and Rating >= 0),
	Content VARCHAR(255),
	CreateDate DATE NOT NULL,
	ProductID INT NOT NULL,
	FOREIGN KEY (VendeeID) REFERENCES Vendee(UserID),
	FOREIGN KEY (ProductID) REFERENCES Product(ProductID)
);

CREATE TABLE CART_CONTAIN_PRODUCT (
	VendeeID INT,
	ProductID INT,
	PRIMARY KEY (vendeeID, ProductID),
	FOREIGN KEY (VendeeID) REFERENCES CART(VendeeID),
	FOREIGN KEY (ProductID) REFERENCES Product(ProductID)
);


CREATE TABLE STORE_CONTAIN_PRODUCT (
	ProductID INT PRIMARY KEY,
	StoreID INT,
	VenderID INT,
	Quantity INT NOT NULL CHECK(Quantity >= 0),
	Price DECIMAL(15,2) NOT NULL,
	Origin VARCHAR(10) NOT NULL,
	CreateTime DATE,
	UpdateTime DATE,
	FOREIGN KEY (ProductID) REFERENCES Product(ProductID),
	FOREIGN KEY (VenderID, StoreID) REFERENCES Store(VenderID, StoreID)
);

CREATE TABLE ONE_PRODUCT (
	PromotionID INT UNIQUE,
	FOREIGN KEY (PromotionID) REFERENCES Promotion(PromotionID)
);

CREATE TABLE APPLY_PRODUCT (
	ProductID INT,
	PromotionID INT,
	PRIMARY KEY ( ProductID, PromotionID),
	FOREIGN KEY (PromotionID) REFERENCES One_Product(PromotionID),
	FOREIGN KEY (ProductID) REFERENCES Product(ProductID)
);


CREATE TABLE ONE_STORE (
	PromotionID INT UNIQUE,
	FOREIGN KEY (PromotionID) REFERENCES Promotion(PromotionID)
);

CREATE TABLE MORE_STORE (
	PromotionID INT UNIQUE,
	FOREIGN KEY (PromotionID) REFERENCES Promotion(PromotionID)
);

CREATE TABLE CATEGORY (
	ProductID INT,
	ProdCategory INT,
	PRIMARY KEY (ProductID, ProdCategory),
	FOREIGN KEY (ProductID) REFERENCES Product(ProductID)
);


CREATE TABLE APPLY_STORE (
	OrderID INT PRIMARY KEY,
	PromotionID INT,
	Store VARCHAR(50),
	FOREIGN KEY (OrderID) REFERENCES Orders(OrderID),
	FOREIGN KEY (PromotionID) REFERENCES One_Store(PromotionID)
);


CREATE TABLE APPLY_MORE_STORE (
	OrderID INT PRIMARY KEY,	
	PromotionID INT,
	Store VARCHAR(50),
	FOREIGN KEY (OrderID) REFERENCES Orders(OrderID),
	FOREIGN KEY (PromotionID) REFERENCES More_Store(PromotionID)
);


CREATE TABLE PAYMENT (
	OrderID INT PRIMARY KEY,
	BillID INT,
	FOREIGN KEY (OrderID) REFERENCES Orders(OrderID),
	FOREIGN KEY (BillID) REFERENCES Bill(BillID)
);

CREATE TABLE PROMOTION_PROVIDE (
	PromotionID INT,
	VenderID INT,
	StoreID INT,
	PRIMARY KEY (PromotionID, VenderID, StoreID),
	FOREIGN KEY (PromotionID) REFERENCES Promotion(PromotionID),
	FOREIGN KEY (VenderID, StoreID) REFERENCES Store(VenderID, StoreID)
);

INSERT INTO USERS VALUES (1,'Qui','Huynh','giaqui@gmail.com', '12345678', '2002-03-14','2020-10-10','2024-10-10', 2, 1);
INSERT INTO USERS VALUES (2,'Vuong','Nguyen','vuongnguyen@gmail.com', '12345678', '2003-06-03', '2021-01-23','2024-12-03', 0, 1);
INSERT INTO USERS VALUES (3,'Vinh','Vo','vinhvo@gmail.com', '12345678','2001-01-23','2002-06-06','2021-01-23', 0, 1);
INSERT INTO USERS VALUES (4,'Tien','Tran','tientran@gmail.com', '12345678','2000-01-23','2005-05-05','2024-12-03',0, 1);
INSERT INTO USERS VALUES (5,'Hau','Ho','hauho@gmail.com', '12345678','1999-01-23', '2004-04-04','2024-12-03',0, 1);

INSERT INTO USERS VALUES (6,'ABC','Nguyen','NguyenABC@gmail.com', '12345678','2000-12-23', '2021-01-23','2024-12-03',1, 1);
INSERT INTO USERS VALUES (7,'DEF','Ho','ha1231ho2@gmail.com', '12345678','2000-12-23', '2021-01-23','2024-12-03',1, 1);
INSERT INTO USERS VALUES (8,'GHI','Ho','hauhad5@gmail.com', '12345678','2000-12-23', '2021-01-23','2024-12-03',1, 1);
INSERT INTO USERS VALUES (9,'JKL','Ho','hasasdao1@gmail.com', '12345678','2000-12-23', '2021-01-23','2024-12-03',1, 1);
INSERT INTO USERS VALUES (10,'MNO','Ho','haashao@gmail.com', '12345678','2000-12-23', '2021-01-23','2024-12-03',2, 1);

INSERT INTO USERS VALUES(11, 'PQR', 'Pham', 'hasagi@gmail.com', '321548151', '2003-5-12', '2021-01-23', '2024-12-03', 0, 1);
INSERT INTO USERS VALUES(12, 'U12', 'Ho', 'U12mail@gmail.com', 'nahas154512', '2002-02-21', '2021-01-23', '2024-12-03', 0, 1);
INSERT INTO USERS VALUES(13, 'U13', 'Le', 'U13mail@gmail.com', 'ngfghfh477', '2001-07-25', '2021-01-23', '2024-12-03', 0, 1);
INSERT INTO USERS VALUES(14, 'U14', 'Nguyen', 'U14mail@gmail.com', 'dhdfgdgf8215', '2004-06-13', '2021-01-23', '2024-12-03', 0, 1);
INSERT INTO USERS VALUES(15, 'U15', 'Hoang', 'U15mail@gmail.com', 'bd44451bd', '2005-05-07', '2021-01-23', '2024-12-03', 0, 1);


INSERT INTO PHONE VALUES (1, '0337398951');
INSERT INTO PHONE VALUES (1, '0315255654');
INSERT INTO PHONE VALUES (2, '0165626266');
INSERT INTO PHONE VALUES (2, '6664812522');
INSERT INTO PHONE VALUES (3, '0128515455');
INSERT INTO PHONE VALUES (4, '0132456822');
INSERT INTO PHONE VALUES (5, '0123456789');
INSERT INTO PHONE VALUES (6, '0123523429');
INSERT INTO PHONE VALUES (7, '0123423489');
INSERT INTO PHONE VALUES (8, '012342789');
INSERT INTO PHONE VALUES (9, '0123234289');
INSERT INTO PHONE VALUES (10, '0123456780');
INSERT INTO PHONE VALUES (11, '0123666789');
INSERT INTO PHONE VALUES (12, '0123777789');
INSERT INTO PHONE VALUES (13, '0123888789');
INSERT INTO PHONE VALUES (14, '0123999789');
INSERT INTO PHONE VALUES (15, '0123555789');


INSERT INTO ADDRESS VALUES (1, 'An Giang, Viet Nam');
INSERT INTO ADDRESS VALUES (2, 'Phu Yen, Viet Nam');
INSERT INTO ADDRESS VALUES (3, 'Dong Nai, Viet Nam');
INSERT INTO ADDRESS VALUES (4, 'Ho Chi Minh, Viet Nam');
INSERT INTO ADDRESS VALUES (5, 'Binh Duong, Viet Nam');
INSERT INTO ADDRESS VALUES (6, 'An Giang, Viet Nam');
INSERT INTO ADDRESS VALUES (7, 'Phu Yen, Viet Nam');
INSERT INTO ADDRESS VALUES (8, 'Dong Nai, Viet Nam');
INSERT INTO ADDRESS VALUES (9, 'Ho Chi Minh, Viet Nam');
INSERT INTO ADDRESS VALUES (10, 'Binh Duong, Viet Nam');
INSERT INTO ADDRESS VALUES (11, 'Binh Duong, Viet Nam');
INSERT INTO ADDRESS VALUES (12, 'Binh Duong, Viet Nam');
INSERT INTO ADDRESS VALUES (13, 'Binh Duong, Viet Nam');
INSERT INTO ADDRESS VALUES (14, 'Binh Duong, Viet Nam');
INSERT INTO ADDRESS VALUES (15, 'Binh Duong, Viet Nam');


INSERT INTO VENDER VALUES (6, 17262000);
INSERT INTO VENDER VALUES (7, 0);
INSERT INTO VENDER VALUES (8, 0);
INSERT INTO VENDER VALUES (9, 0);


-- VENDEE: UserID INT, Level INT, Spending DECIMAL(15, 2), ReferID INT,
INSERT INTO VENDEE VALUES (1, '0', 500000, NULL);
INSERT INTO VENDEE VALUES (2, '0', 1234000, 1);
INSERT INTO VENDEE VALUES (3, '0', 2324000, 2);
INSERT INTO VENDEE VALUES (4, '0', 15894000, 1);
INSERT INTO VENDEE VALUES (5, '4', 17262000, NULL);
INSERT INTO VENDEE VALUES (11, '0', 222000, NULL);
INSERT INTO VENDEE VALUES (12, '0', 150000, 3);
INSERT INTO VENDEE VALUES (13, '0', 9647100, 2);
INSERT INTO VENDEE VALUES (14, '0', 3515900, 4);
INSERT INTO VENDEE VALUES (15, '0', 1403000, 5);

INSERT INTO ADMINISTRATOR VALUES (10, '11-11-2023');

-- PROMOTION: PromotionID INT PRIMARY KEY, Name VARCHAR(255) NOT NULL, StartDate DATE NOT NULL, EndDate DATE NOT NULL,
--				Quantity INT NOT NULL, Type VARCHAR(50), ProType VARCHAR(50),
INSERT INTO PROMOTION VALUES (1, 'Discount', '2024-11-11', '2024-12-23', 25, 'Discount', 'oneProduct');
INSERT INTO PROMOTION VALUES (2, 'Discount', '2024-11-11', '2024-12-23', 200, 'Discount', 'oneProduct');
INSERT INTO PROMOTION VALUES (3, 'Freeship', '2024-11-11', '2024-12-23', 26, 'Freeship', 'moreStore');
INSERT INTO PROMOTION VALUES (4, 'Discount', '2024-11-11', '2024-12-23', 26, 'Discount', 'moreStore');
INSERT INTO PROMOTION VALUES (5, 'Discount', '2024-11-11', '2024-12-23', 30, 'Discount', 'oneStore');

INSERT INTO PROMOTION VALUES (6, 'Discount', '2024-11-11', '2024-12-23', 25, 'Discount', 'oneProduct');
INSERT INTO PROMOTION VALUES (7, 'Discount', '2024-11-11', '2024-12-23', 200, 'Discount', 'oneProduct');
INSERT INTO PROMOTION VALUES (8, 'Freeship', '2024-11-11', '2024-12-23', 26, 'Freeship', 'oneStore');
INSERT INTO PROMOTION VALUES (9, 'Discount', '2024-11-11', '2024-12-23', 26, 'Discount', 'moreStore');
INSERT INTO PROMOTION VALUES (10, 'Discount', '2024-11-11', '2024-12-23', 30, 'Discount', 'oneStore');


INSERT INTO PROMOTION_OF_VENDEE VALUES(1, 3);
INSERT INTO PROMOTION_OF_VENDEE VALUES(2, 3);
INSERT INTO PROMOTION_OF_VENDEE VALUES(3, 3);
INSERT INTO PROMOTION_OF_VENDEE VALUES(4, 4);
INSERT INTO PROMOTION_OF_VENDEE VALUES(5, 3);
INSERT INTO PROMOTION_OF_VENDEE VALUES(5, 4);
INSERT INTO PROMOTION_OF_VENDEE VALUES(5, 5);

INSERT INTO PROMOTION_OF_VENDEE VALUES(11, 1);
INSERT INTO PROMOTION_OF_VENDEE VALUES(12, 1);
INSERT INTO PROMOTION_OF_VENDEE VALUES(13, 1);
INSERT INTO PROMOTION_OF_VENDEE VALUES(14, 1);
INSERT INTO PROMOTION_OF_VENDEE VALUES(15, 1);


INSERT INTO CART VALUES (1);
INSERT INTO CART VALUES (2);
INSERT INTO CART VALUES (3);
INSERT INTO CART VALUES (4);
INSERT INTO CART VALUES (5);

INSERT INTO CART VALUES (11);
INSERT INTO CART VALUES (12);
INSERT INTO CART VALUES (13);
INSERT INTO CART VALUES (14);
INSERT INTO CART VALUES (15);

INSERT INTO FREESHIP VALUES (3);


INSERT INTO ORDERS VALUES (1, 'Transit', 'Credit Card', 'Viet Nam', '2024-11-10', 'Phone Number', 1, NULL);
INSERT INTO ORDERS VALUES (2, 'Delivered', 'Direct Payment', 'Viet Nam', '2024-12-05', 'Phone Number', 2, NULL);
INSERT INTO ORDERS VALUES (3, 'Transit', 'Direct Payment', 'Viet Nam', '2024-09-11', 'Phone Number', 3, NULL);
INSERT INTO ORDERS VALUES (4, 'Delivered', 'Credit Card', 'Viet Nam', '2024-09-16', 'Phone Number', 4, NULL);
INSERT INTO ORDERS VALUES (5, 'Delivered', 'Credit Card', 'Viet Nam', '2024-09-05', 'Phone Number', 5, 3);
INSERT INTO ORDERS VALUES (6, 'Paid', 'Credit Card', 'Viet Nam', '2024-05-05', 'Phone Number', 5, 3);
INSERT INTO ORDERS VALUES (7, 'Completed', 'Credit Card', 'Viet Nam', '2024-12-01', 'Phone Number', 5, 3);


INSERT INTO PROVIDER VALUES (1, 'Provider1', 'Viet Nam');
INSERT INTO PROVIDER VALUES (2, 'Provider2', 'US');
INSERT INTO PROVIDER VALUES (3, 'Provider3', 'ThaiLand');
INSERT INTO PROVIDER VALUES (4, 'Provider4', 'China');
INSERT INTO PROVIDER VALUES (5, 'Provider5', 'Viet Nam');


INSERT INTO PRODUCT VALUES (1, 'Rubik', 'Toy', 2);
INSERT INTO PRODUCT VALUES (2, 'IP16', 'SmartPhone', 3);
INSERT INTO PRODUCT VALUES (3, 'SAMSUNGS24', 'SmartPhone', 3);
INSERT INTO PRODUCT VALUES (4, 'Shirt', 'Clothes', 5);
INSERT INTO PRODUCT VALUES (5, 'Jean', 'Clothes', 5);
INSERT INTO PRODUCT VALUES (6, 'LaptopMSI', 'Laptop', 1);
INSERT INTO PRODUCT VALUES (7, 'LaptopAcer', 'Laptop', 1);
INSERT INTO PRODUCT VALUES (8, 'Book', 'Book', 4);
INSERT INTO PRODUCT VALUES (9, 'Pencil', 'Pencil', 4);
INSERT INTO PRODUCT VALUES (10, 'Pen', 'Pen', 4);


INSERT INTO ORDER_CONTAIN_PRODUCT VALUES (1, 1, 2, 50000);
INSERT INTO ORDER_CONTAIN_PRODUCT VALUES (1, 2, 1, 16000000);
INSERT INTO ORDER_CONTAIN_PRODUCT VALUES (1, 3, 1, 20000000);
INSERT INTO ORDER_CONTAIN_PRODUCT VALUES (2, 3, 3, 24000000);
INSERT INTO ORDER_CONTAIN_PRODUCT VALUES (3, 4, 4, 100000);
INSERT INTO ORDER_CONTAIN_PRODUCT VALUES (4, 5, 1, 200000);
INSERT INTO ORDER_CONTAIN_PRODUCT VALUES (5, 6, 2, 18000000);
INSERT INTO ORDER_CONTAIN_PRODUCT VALUES (6, 7, 1, 20000000);
INSERT INTO ORDER_CONTAIN_PRODUCT VALUES (6, 8, 5, 10000);
INSERT INTO ORDER_CONTAIN_PRODUCT VALUES (6, 9, 10, 5000);
INSERT INTO ORDER_CONTAIN_PRODUCT VALUES (7, 10, 7, 10000);
INSERT INTO ORDER_CONTAIN_PRODUCT VALUES (7, 8, 8, 10000);



INSERT INTO DISCOUNT VALUES (1, 5);
INSERT INTO DISCOUNT VALUES (2, 10);
INSERT INTO DISCOUNT VALUES (4, 15);
INSERT INTO DISCOUNT VALUES (5, 10);


INSERT INTO SHIPPING VALUES (1, 'ship1', 'normal', '30000', '0123456789');
INSERT INTO SHIPPING VALUES (2, 'ship2', 'normal', '30000', '6545121551');
INSERT INTO SHIPPING VALUES (4, 'ship3', 'normal', '30000', '2512582215');
INSERT INTO SHIPPING VALUES (3, 'ship4', 'normal', '30000', '3215485224');
INSERT INTO SHIPPING VALUES (5, 'ship5', 'normal', '30000', '0215482354');
INSERT INTO SHIPPING VALUES (6, 'ship6', 'normal', '30000', '0346872548');
INSERT INTO SHIPPING VALUES (7, 'ship7', 'normal', '30000', '0221384215');



INSERT INTO SHIPORDER VALUES (1, 1);
INSERT INTO SHIPORDER VALUES (2, 2);
INSERT INTO SHIPORDER VALUES (4, 3);
INSERT INTO SHIPORDER VALUES (3, 4);
INSERT INTO SHIPORDER VALUES (5, 5);
INSERT INTO SHIPORDER VALUES (6, 6);
INSERT INTO SHIPORDER VALUES (7, 7);


INSERT INTO BILL VALUES (1, '2024-11-12');
INSERT INTO BILL VALUES (2, '2024-10-17');
INSERT INTO BILL VALUES (3, '2024-09-13');
INSERT INTO BILL VALUES (4, '2024-02-05');
INSERT INTO BILL VALUES (5, '2024-01-03');
INSERT INTO BILL VALUES (6, '2024-03-05');
INSERT INTO BILL VALUES (7, '2024-12-12');


INSERT INTO STORE VALUES (6, 1, 'VENDER6_STORE1', 'Viet Nam', 50000000);
INSERT INTO STORE VALUES (6, 5, 'VENDER6_STORE2', 'Viet Nam', 40000000);
INSERT INTO STORE VALUES (7, 2, 'VENDER7_STORE', 'Viet Nam', 500000);
INSERT INTO STORE VALUES (8, 3, 'VENDER8_STORE', 'Viet Nam', 100000);
INSERT INTO STORE VALUES (9, 4, 'VENDER9_STORE', 'Viet Nam', 0);


INSERT INTO REVIEW VALUES (4, 1, 1, 'Pen xai tot', '2024-12-03', 2);
INSERT INTO REVIEW VALUES (5, 2, 3, 'Rubix choi rat vui', '2024-11-28', 1);


INSERT INTO CART_CONTAIN_PRODUCT VALUES (1, 1);
INSERT INTO CART_CONTAIN_PRODUCT VALUES (1, 2);
INSERT INTO CART_CONTAIN_PRODUCT VALUES (1, 7);
INSERT INTO CART_CONTAIN_PRODUCT VALUES (2, 3);
INSERT INTO CART_CONTAIN_PRODUCT VALUES (3, 4);
INSERT INTO CART_CONTAIN_PRODUCT VALUES (4, 5);
INSERT INTO CART_CONTAIN_PRODUCT VALUES (5, 6);
INSERT INTO CART_CONTAIN_PRODUCT VALUES (5, 7);
INSERT INTO CART_CONTAIN_PRODUCT VALUES (5, 8);
INSERT INTO CART_CONTAIN_PRODUCT VALUES (5, 9);
INSERT INTO CART_CONTAIN_PRODUCT VALUES (5, 10);
INSERT INTO CART_CONTAIN_PRODUCT VALUES (5, 1);


INSERT INTO STORE_CONTAIN_PRODUCT VALUES (1, 1, 6, 500, 50000, 'VietNam', '2023-05-19', '2024-09-02');
INSERT INTO STORE_CONTAIN_PRODUCT VALUES (2, 1, 6, 50, 16000000, 'ThaiLand', '2023-05-19', '2024-09-02');
INSERT INTO STORE_CONTAIN_PRODUCT VALUES (3, 2, 7, 100, 24000000, 'China', '2023-05-19', '2024-09-02');
INSERT INTO STORE_CONTAIN_PRODUCT VALUES (4, 3, 8, 1000, 100000, 'UK', '2023-05-19', '2024-09-02');
INSERT INTO STORE_CONTAIN_PRODUCT VALUES (5, 4, 9, 2000, 200000, 'US', '2023-05-19', '2024-09-02');
INSERT INTO STORE_CONTAIN_PRODUCT VALUES (6, 4, 9, 150, 18000000, 'US', '2023-05-19', '2024-09-02');
INSERT INTO STORE_CONTAIN_PRODUCT VALUES (7, 5, 6, 140, 20000000, 'US', '2023-05-19', '2024-09-02');
INSERT INTO STORE_CONTAIN_PRODUCT VALUES (8, 5, 6, 5000, 10000, 'US', '2023-05-19', '2024-09-02');
INSERT INTO STORE_CONTAIN_PRODUCT VALUES (9, 5, 6, 5000, 5000, 'US', '2023-05-19', '2024-09-02');
INSERT INTO STORE_CONTAIN_PRODUCT VALUES (10, 5, 6, 6000, 10000, 'US', '2023-05-19', '2024-09-02');


INSERT INTO ONE_PRODUCT VALUES (1);
INSERT INTO ONE_PRODUCT VALUES (2);


INSERT INTO APPLY_PRODUCT VALUES (1, 1);
INSERT INTO APPLY_PRODUCT VALUES (1, 2);
INSERT INTO APPLY_PRODUCT VALUES (2, 1);
INSERT INTO APPLY_PRODUCT VALUES (2, 2);



INSERT INTO ONE_STORE VALUES (5);


INSERT INTO MORE_STORE VALUES (3);
INSERT INTO MORE_STORE VALUES (4);


INSERT INTO CATEGORY VALUES (1, 1);
INSERT INTO CATEGORY VALUES (2, 2);
INSERT INTO CATEGORY VALUES (3, 2);
INSERT INTO CATEGORY VALUES (4, 3);
INSERT INTO CATEGORY VALUES (5, 3);
INSERT INTO CATEGORY VALUES (6, 4);
INSERT INTO CATEGORY VALUES (7, 4);
INSERT INTO CATEGORY VALUES (8, 5);
INSERT INTO CATEGORY VALUES (9, 5);
INSERT INTO CATEGORY VALUES (10, 5);


INSERT INTO APPLY_STORE VALUES (6, 5, 'VENDER6_STORE2');
INSERT INTO APPLY_STORE VALUES (7, 5, 'VENDER6_STORE2');


INSERT INTO APPLY_MORE_STORE VALUES (1, 3, 'VENDER6_STORE1');
INSERT INTO APPLY_MORE_STORE VALUES (2, 3, 'VENDER7_STORE');
INSERT INTO APPLY_MORE_STORE VALUES (3, 3, 'VENDER8_STORE');
INSERT INTO APPLY_MORE_STORE VALUES (4, 4, 'VENDER9_STORE');
INSERT INTO APPLY_MORE_STORE VALUES (5, 4, 'VENDER10_STORE');


INSERT INTO PAYMENT VALUES (6, 1);
INSERT INTO PAYMENT VALUES (7, 2);


INSERT INTO PROMOTION_PROVIDE VALUES (1, 6, 1);
INSERT INTO PROMOTION_PROVIDE VALUES (2, 6, 1);
INSERT INTO PROMOTION_PROVIDE VALUES (5, 6, 5);

--
-- Database: `as232`
--

-- --------------------------------------

--
-- Table structure for table `categories`
--


